group,function,value,sample_time_nanos,iteration_count
day03_part2,Parse_string_dynamically,,300501800,1
day03_part2,Parse_string_dynamically,,599216753,2
day03_part2,Parse_string_dynamically,,904484826,3
day03_part2,Parse_string_dynamically,,1236452443,4
day03_part2,Parse_string_dynamically,,1574789737,5
day03_part2,Parse_string_dynamically,,1868227910,6
day03_part2,Parse_string_dynamically,,2193703762,7
day03_part2,Parse_string_dynamically,,2445604595,8
day03_part2,Parse_string_dynamically,,2787175824,9
day03_part2,Parse_string_dynamically,,3057589287,10
day03_part2,Parse_string_dynamically,,3405531533,11
day03_part2,Parse_string_dynamically,,3698759943,12
day03_part2,Parse_string_dynamically,,3975162678,13
day03_part2,Parse_string_dynamically,,4487094187,14
day03_part2,Parse_string_dynamically,,4615164930,15
day03_part2,Parse_string_dynamically,,4988143959,16
day03_part2,Parse_string_dynamically,,5152402394,17
day03_part2,Parse_string_dynamically,,5539828344,18
day03_part2,Parse_string_dynamically,,5853194749,19
day03_part2,Parse_string_dynamically,,6117504950,20
day03_part2,Parse_string_dynamically,,6447395600,21
day03_part2,Parse_string_dynamically,,6777741393,22
day03_part2,Parse_string_dynamically,,7035395094,23
day03_part2,Parse_string_dynamically,,7362452993,24
day03_part2,Parse_string_dynamically,,7765227519,25
day03_part2,Parse_string_dynamically,,7908105306,26
day03_part2,Parse_string_dynamically,,8324457650,27
day03_part2,Parse_string_dynamically,,8602212215,28
day03_part2,Parse_string_dynamically,,8856571870,29
day03_part2,Parse_string_dynamically,,9201598263,30
day03_part2,Parse_string_dynamically,,9491597170,31
day03_part2,Parse_string_dynamically,,9850627470,32
day03_part2,Parse_string_dynamically,,10256214024,33
day03_part2,Parse_string_dynamically,,10420362411,34
day03_part2,Parse_string_dynamically,,10809832917,35
day03_part2,Parse_string_dynamically,,11130794235,36
day03_part2,Parse_string_dynamically,,11473088472,37
day03_part2,Parse_string_dynamically,,11815738040,38
day03_part2,Parse_string_dynamically,,11991387165,39
day03_part2,Parse_string_dynamically,,12275426716,40
day03_part2,Parse_string_dynamically,,12578748597,41
day03_part2,Parse_string_dynamically,,12852762055,42
day03_part2,Parse_string_dynamically,,13198143803,43
day03_part2,Parse_string_dynamically,,13571240374,44
day03_part2,Parse_string_dynamically,,13784510967,45
day03_part2,Parse_string_dynamically,,14053658691,46
day03_part2,Parse_string_dynamically,,14457033296,47
day03_part2,Parse_string_dynamically,,14716727900,48
day03_part2,Parse_string_dynamically,,15066216569,49
day03_part2,Parse_string_dynamically,,15375834449,50
day03_part2,Parse_string_dynamically,,15737796373,51
day03_part2,Parse_string_dynamically,,15992093339,52
day03_part2,Parse_string_dynamically,,16303953809,53
day03_part2,Parse_string_dynamically,,16582808255,54
day03_part2,Parse_string_dynamically,,17076642279,55
day03_part2,Parse_string_dynamically,,17230108979,56
day03_part2,Parse_string_dynamically,,17514635609,57
day03_part2,Parse_string_dynamically,,17844775257,58
day03_part2,Parse_string_dynamically,,18258122240,59
day03_part2,Parse_string_dynamically,,18446526353,60
day03_part2,Parse_string_dynamically,,18830215153,61
day03_part2,Parse_string_dynamically,,19113891717,62
day03_part2,Parse_string_dynamically,,19421638359,63
day03_part2,Parse_string_dynamically,,19762328410,64
day03_part2,Parse_string_dynamically,,24289658378,65
day03_part2,Parse_string_dynamically,,20596814496,66
day03_part2,Parse_string_dynamically,,20572405316,67
day03_part2,Parse_string_dynamically,,20862342844,68
day03_part2,Parse_string_dynamically,,21176653881,69
day03_part2,Parse_string_dynamically,,21526594652,70
day03_part2,Parse_string_dynamically,,21831825671,71
day03_part2,Parse_string_dynamically,,22111283182,72
day03_part2,Parse_string_dynamically,,22411248912,73
day03_part2,Parse_string_dynamically,,22760351231,74
day03_part2,Parse_string_dynamically,,23134718269,75
day03_part2,Parse_string_dynamically,,23541504485,76
day03_part2,Parse_string_dynamically,,23694860287,77
day03_part2,Parse_string_dynamically,,24036586939,78
day03_part2,Parse_string_dynamically,,24293348734,79
day03_part2,Parse_string_dynamically,,24583585818,80
day03_part2,Parse_string_dynamically,,24931032774,81
day03_part2,Parse_string_dynamically,,25185572008,82
day03_part2,Parse_string_dynamically,,25718081919,83
day03_part2,Parse_string_dynamically,,25874517386,84
day03_part2,Parse_string_dynamically,,26103986596,85
day03_part2,Parse_string_dynamically,,26371233877,86
day03_part2,Parse_string_dynamically,,26835114343,87
day03_part2,Parse_string_dynamically,,27081673752,88
day03_part2,Parse_string_dynamically,,27398824727,89
day03_part2,Parse_string_dynamically,,27718963313,90
day03_part2,Parse_string_dynamically,,27962785333,91
day03_part2,Parse_string_dynamically,,28259635010,92
day03_part2,Parse_string_dynamically,,28635738479,93
day03_part2,Parse_string_dynamically,,28991579443,94
day03_part2,Parse_string_dynamically,,29219915678,95
day03_part2,Parse_string_dynamically,,29538033803,96
day03_part2,Parse_string_dynamically,,29805774320,97
day03_part2,Parse_string_dynamically,,30200199206,98
day03_part2,Parse_string_dynamically,,30442063304,99
day03_part2,Parse_string_dynamically,,30772898072,100
